-- =========================================================
-- MODULE 1: ЗАПОВНЕННЯ ДОВІДНИКІВ (STATIC DATA INGESTION)
-- Мета: Створення базової топології мережі
-- =========================================================

-- 1. Регіони (Regions)
INSERT INTO Regions (region_id, region_name) VALUES
(1, 'Київський'),
(2, 'Львівський'),
(3, 'Одеський'),
(4, 'Харківський'),
(5, 'Дніпровський'),
(6, 'Запорізький'),
(7, 'Полтавський'),
(8, 'Черкаський'),
(9, 'Вінницький')
ON CONFLICT (region_id) DO NOTHING;

-- 2. Підстанції (Substations)
-- Збільшені потужності для реалістичного моделювання навантажень
INSERT INTO Substations (substation_id, substation_name, location, capacity_mw, region_id, latitude, longitude) VALUES
(10, 'ПС Північна (Київ)',       'Київ',      4000.00, 1, 50.4501, 30.5234),
(11, 'ПС Бровари',               'Бровари',   2500.00, 1, 50.5117, 30.7901),
(12, 'ПС Західна (Львів)',       'Львів',     3000.00, 2, 49.8396, 24.0297),
(13, 'ПС Портова (Одеса)',       'Одеса',     2800.00, 3, 46.4825, 30.7233),
(14, 'ПС Слобожанська (Харків)', 'Харків',    3500.00, 4, 49.9935, 36.2303),
(15, 'ПС Дніпровська-750',       'Дніпро',    4500.00, 5, 48.4647, 35.0461),
(16, 'ПС Запорізька',            'Запоріжжя', 3200.00, 6, 47.8388, 35.1395),
(17, 'ПС Полтава-Центр',         'Полтава',   2000.00, 7, 49.5883, 34.5514),
(18, 'ПС Черкаси',               'Черкаси',   1800.00, 8, 49.4444, 32.0598),
(19, 'ПС Вінниця',               'Вінниця',   2200.00, 9, 49.2331, 28.4682)
ON CONFLICT (substation_id) DO NOTHING;

-- 3. Магістральні ЛЕП (Power Lines)
INSERT INTO PowerLines (line_id, line_name, max_load_mw, from_substation_id, to_substation_id) VALUES
(101, 'ЛЕП Київ-Бровари',                  2000.00, 10, 11),
(102, 'ЛЕП Київ-Львів (Західний транзит)', 3000.00, 10, 12),
(103, 'ЛЕП Львів-Одеса',                   1500.00, 12, 13),
(104, 'ЛЕП Київ-Харків',                   3000.00, 10, 14),
(105, 'ЛЕП Харків-Дніпро',                 2500.00, 14, 15),
(106, 'ЛЕП Дніпро-Запоріжжя',              3000.00, 15, 16),
(107, 'ЛЕП Київ-Черкаси',                  1500.00, 10, 18),
(108, 'ЛЕП Полтава-Харків',                1800.00, 17, 14),
(109, 'ЛЕП Київ-Вінниця',                  2000.00, 10, 19),
(110, 'ЛЕП Вінниця-Львів',                 2000.00, 19, 12)
ON CONFLICT (line_id) DO NOTHING;

-- 4. Генератори (Generators)
INSERT INTO Generators (generator_id, generator_type, max_output_mw, substation_id) VALUES
(1, 'thermal', 2500.00, 10), -- ТЕЦ-6 Київ
(2, 'solar',    200.00, 12), -- СЕС Львівщина
(3, 'wind',     300.00, 13), -- ВЕС Одещина
(4, 'thermal', 3000.00, 14), -- Зміївська ТЕС
(5, 'hydro',   1500.00, 16), -- ДніпроГЕС
(6, 'nuclear', 2000.00, 19), -- АЕС
(7, 'thermal', 1200.00, 15)  -- Придніпровська ТЕС
ON CONFLICT (generator_id) DO NOTHING;

-- 5. Історичні події (Maintenance)
INSERT INTO MaintenanceEvents (start_time, end_time, object_id, object_type, reason) VALUES
('2025-11-02 08:00:00', '2025-11-02 20:00:00', 101, 'Лінія',      'Плановий ремонт ізоляторів'),
('2025-11-05 09:00:00', '2025-11-07 18:00:00', 14,  'Підстанція', 'Модернізація автотрансформатора'),
('2025-11-10 00:00:00', '2025-11-10 06:00:00', 106, 'Лінія',      'Терміновий ремонт грозозахисту');
